0,"perfect blue
",False,152739,7108
1,"organizers
",False,622670,9236
2,"Super Guesser
",True,936136,1702
3,"Balsn
",True,262057,9008
4,"DiceGang
",True,760718,783
5,"More Smoked Leet Chicken
",False,750163,8993
6,"Bushwhackers
",False,91753,4088
7,"Plaid Parliament of Pwning
",True,9872,7606
8,"Never Stop Exploiting
",False,996790,390
9,"Nu1L
",False,612531,1406
10,"hxp
",False,925945,2132
11,"r3kapig
",False,113109,8902
12,"Katzebin
",True,817672,5435
13,"Dragon Sector
",False,68045,4747
14,"kalmarunionen
",False,273061,57
15,"zer0pts
",False,513356,3915
16,"C4T BuT S4D
",False,79455,1659
17,"0ops
",False,255388,2055
18,"justCatTheFish
",False,118851,6885
19,"p4
",True,154310,848
20,"The Flat Network Society
",True,486331,1493
21,"Black Bauhinia
",False,655022,5179
22,"Epic Leet Team
",False,16808,2042
23,"thehackerscrew
",True,799050,1763
24,"HackingForSoju
",True,550948,8520
25,"Tea Deliverers
",True,485961,9480
26,"RedRocket
",True,830402,1591
27,"bi0s
",True,227634,619
28,"bootplug
",False,980724,2611
29,"pasten
",True,395363,5072
30,"idek
",False,288141,2049
31,"WreckTheLine
",True,165900,3230
32,"FAUST
",True,560918,4703
33,"flagbot
",True,314412,3964
34,"ENOFLAG
",True,747347,6664
35,"DarkArmy
",False,310558,1911
36,"./Vespiary
",True,836795,7739
37,"ASIS
",False,719348,8196
38,"Shellphish
",True,609746,1136
39,"warlock_rootx
",True,892986,5807
40,"pwnthem0le
",True,46886,6486
41,"Order of the Overflow
",False,279241,2733
42,"Crusaders of Rust
",True,432845,6872
43,"greunion
",False,877418,4764
44,"c0r3dump
",False,771092,6551
45,"saarsec
",True,115115,9936
46,"Maple Bacon
",True,771921,3137
47,"ALLES!
",False,595029,4671
48,"ID-10-T
",False,887083,3531
49,"AntiBuddies
",True,32880,4321
50,"FluxFingers
",True,793075,9392
51,"SEKTE GADENG
",False,361085,9491
52,"K3RN3L4RMY
",True,356618,3352
53,"STT
",False,670710,3719
54,"uuunderflow
",False,147180,1047
55,"AmpunBangJago
",False,698454,8710
56,"the3000
",True,902771,7853
57,"ISITDTU
",True,984275,9679
58,"Samurai
",True,197636,5527
59,"PFS
",False,142964,9741
60,"ARESx
",False,748278,1721
61,"Synacktiv
",True,762071,3823
62,"ZH3R0
",True,606670,941
63,"coldboots
",True,272408,704
64,"Water Paddler
",False,764825,8183
65,"InfoSecIITR
",True,591348,1864
66,"KUDoS
",True,338466,783
67,"RootMeUpBeforeYouGoGo
",False,125674,6641
68,"BIT CRIMINALS
",False,150494,4734
69,"DragonSec SI
",False,269885,2484
70,"mode13h
",True,737352,7239
71,"OSUSEC
",False,347044,1384
72,"TokyoWesterns
",False,232738,9661
73,"W&M
",False,84912,7233
74,"Knightsec
",True,492262,4757
75,"s3qu3nc3
",False,596461,4336
76,"Bulba Hackers
",True,148654,4051
77,"Hack The Box
",True,999605,3681
78,"Srdnlen
",False,963626,7055
79,"b01lers
",False,681895,4463
80,"TSG
",True,642914,2791
81,"Tower of Hanoi
",True,831430,1974
82,"Redbud
",False,779880,5458
83,"SIGPwny
",False,679148,9802
84,"StarBugs
",True,555078,9537
85,"IrisSec
",True,232369,2481
86,"HgbSec
",True,749828,5868
87,"redpwn
",False,28834,9959
88,"TheRomanXpl0it
",False,125587,5497
89,"Fword
",True,21337,9962
90,"scriptohio
",False,183170,2741
91,"r00timentary
",True,343194,1819
92,"ROIS
",True,119799,3892
93,"Ph0t1n1a
",False,12150,9004
94,"NUSHmallows
",False,840806,7819
95,"Azure Assassin Alliance
",True,477300,2072
96,"Goburin'
",False,723343,8014
97,"noraneco
",False,431425,1796
98,"Sp33d_0f_T1m3
",False,697106,2864
99,"Scavenger Security
",False,720155,9276
100,"Flaggermeister
",False,694891,3770
101,"skateboarding dog
",False,886709,6232
102,"CyKOR
",False,390503,6978
103,"eee
",True,626623,5351
104,"SPbCTF
",False,257679,9578
105,"irNoobs
",True,986959,6572
106,"Sinn3rB0y5
",True,525496,3779
107,"/mnt/ain
",False,282686,1177
108,"BTeam
",True,124044,2558
109,"Google CTF
",True,39820,4971
110,"Priv8Corp
",False,205760,5143
111,"KITCTF
",False,908129,4830
112,"the cr0wn
",True,722868,2898
113,"Blue Hens
",False,370797,3456
114,"Social Engineering Experts
",True,412495,1984
115,"bi0sblr
",False,450317,9911
116,"PGiatasti
",False,742532,9423
117,"SECCON CTF
",True,303515,9723
118,"NYUSEC
",False,758209,3724
119,"Cyberlandsholdet
",False,342792,2290
120,"Tasteless
",False,92197,2259
121,"Syclover
",False,815885,7328
122,"BIZone
",False,708455,949
123,"Red Knights
",True,776959,6235
124,"HITCON
",False,688131,6898
125,"PeanutButter.jar
",True,616140,4884
126,"The WINRaRs
",False,455964,1749
127,"1nf1n1ty
",False,171112,3439
128,"0daysober
",True,518390,7572
129,"Keyboard Monkeys
",True,242482,6974
130,"KTHCTF0x1
",False,211936,5481
131,"efiens
",False,25314,915
132,"L3H Sec
",False,701758,4244
133,"mhackeroni
",False,803400,1942
134,"hack^3
",False,114007,2256
135,"CTF.SG
",False,462063,7700
136,"xtal
",True,64313,4782
137,"Securebug
",False,493626,7176
138,"zwnj
",True,684352,1154
139,"polygl0ts
",True,777719,1251
140,"upbhack
",False,128759,1556
141,"Red Cadets
",True,695763,4456
142,"b1c
",False,289288,9418
143,"No Pwn Intended
",False,341719,2677
144,"ECSC Team France
",True,950131,9003
145,"CYberMouflons
",True,9622,1312
146,"TeamCC
",True,396416,6898
147,"pingCTF
",True,457798,7648
148,"IIT(BHU)CyberSec
",False,834092,8501
149,"u0K++
",False,297029,4927
150,"purf3ct
",False,564745,3813
151,"Lights of Pineapples
",False,158278,5163
152,"CyberErudites
",True,994326,2020
153,"WE_0WN_Y0U
",False,783518,3902
154,"FireShell
",True,519847,5814
155,"Nepnep
",False,445441,6034
156,"ripp3rs
",True,142594,8504
157,"OnlyFeet
",False,756351,1062
158,"kks
",True,986245,7419
159,"nyahello
",True,762297,6750
160,"PwnProphecy
",False,954282,395
161,"Capture the Swag
",True,655188,7959
162,"Cryptonite
",True,497624,6581
163,"AlphaSeal
",True,999819,3846
164,"y011d4
",False,185559,7186
165,"The Duck
",False,919854,2266
166,"mikecat
",False,948730,5220
167,"wetox
",True,294404,9299
168,"watevr
",True,947030,2023
169,"Wanna.W1n
",True,302131,430
170,"MadrHacks
",False,804545,497
171,"GatorSheavesMutably
",True,248084,9218
172,"BambooFox
",False,187605,4357
173,"Hackappatoi
",False,571549,3550
174,"Lorem Ipsec
",True,390594,6382
175,"[sqrt (-1) + 1]
",False,329156,7975
176,"fearless
",True,61837,97
177,"UMDCSEC
",True,927227,8383
178,"EPT
",True,915804,4676
179,"VolgaCTF.org
",False,679058,3889
180,"xSTF
",False,379815,8177
181,"d4rkc0de
",False,38666,6525
182,"OyuSec
",False,62441,4833
183,"EvilBunnyWrote
",False,777816,9582
184,"dcua
",True,911827,6344
185,"burner_herz0g
",False,633204,9590
186,"Bat Squad
",True,756988,1716
187,"Kza
",True,849464,2460
188,"acdwas
",True,625752,2931
189,"pwnthenope
",False,982215,6849
190,"PatanjaliHax
",False,623214,9691
191,"ret2school
",True,55411,2657
192,"AlPray
",True,725258,914
193,"n0n$la$
",False,629508,1859
194,"Capgemini Aces Of Spades
",True,655159,3970
195,"K-Students
",True,421028,2513
196,"Friendly Hacks
",True,41303,6920
197,"Ashes
",True,321864,203
198,"KuK Hofhackerei
",True,339937,1402
199,"10sec
",False,646305,9615
200,"onepunchpwn
",True,968693,8587
201,"Vidar-Team
",True,157019,1788
202,"team enu
",True,720906,8888
203,"onotch
",False,700776,5089
204,"keymoon
",True,988192,1269
205,"h4cktitum
",True,584622,4302
206,"******
",False,469108,5490
207,"fr334aks
",False,289566,5263
208,"buttf14g
",True,735497,8271
209,"Ganesh
",False,24191,7183
210,"Defenit
",True,825416,6835
211,"#C0FFEE
",True,432262,2030
212,"Liquid Team
",False,829457,1911
213,"fargate
",False,610768,8560
214,"DDLJ
",True,117698,2445
215,"BreakPoint
",False,170754,6391
216,"fibonhack
",False,977548,6485
217,"vubar
",False,528739,8071
218,"Hack South
",False,912764,9677
219,"Mail.ru
",False,278304,8957
220,"UAC
",True,748247,8847
221,"Weak But Leet
",False,177422,8816
222,"Omaviat
",True,215703,7402
223,"vulnfreak
",False,849875,5154
224,"L
",True,338848,7985
225,"NorseCode
",False,579727,7001
226,"TMU
",False,531730,2552
227,"retirees
",False,81839,139
228,"Kernel Sanders
",True,198782,8371
229,"xXxpassword123xXx
",True,360984,5143
230,"Digital Overdose
",True,856252,9750
231,"neuland
",False,85905,120
232,"CyberSlacker
",False,789818,9050
233,"technic
",True,280919,6919
234,"Sauercloud
",False,80977,609
235,"HuntsvilleTechSupport
",True,118481,7087
236,"UnderRated
",False,77444,4221
237,"Byt3Scr4pp3rs
",False,853494,5546
238,"LosFuzzys
",True,636437,245
239,"The Cyber Grabs
",False,889099,6258
240,"The Pentagon
",True,798700,3794
241,"CyberSpace
",True,49434,3349
242,"waterdrop
",False,52515,2194
243,"HKUSTFirebird
",False,134157,5244
244,"RPISEC
",False,528451,8099
245,"The Teamless
",True,846212,3936
246,"TU Delft CTF Team
",True,841240,77
247,"hackpack
",True,274667,9993
248,"FrenchRoomba
",False,151830,8912
249,"Hacknam Style
",True,499646,7669
250,"BisonSquad
",True,429881,3414
251,"level_Zero
",False,603626,3455
252,"X1cT34m
",False,210506,719
253,"GetInTheBin
",True,256916,1003
254,"RPCA Cyber Club
",False,660565,7116
255,"Cntr0llz
",False,964753,8486
256,"ducks0ci3ty
",False,91597,7949
257,"Wesserboy
",True,809507,3664
258,"iWanFlagz
",True,845225,6475
259,"Brunnerne
",False,783625,5206
260,"Corrupted Pwnis
",False,386373,7356
261,"ekofisk
",False,70779,7090
262,"Inner Savages
",True,470336,905
263,"PTB_WTL
",True,16208,2938
264,"TamilCTF
",False,489326,7880
265,"MonSec
",False,538833,8498
266,"justme
",False,963747,3403
267,"r3billions
",True,162853,8566
268,"ThereIsNoInfoRoma
",True,548074,4308
269,"m1t0
",True,252202,4832
270,"traP
",True,429228,4906
271,"Sophisticated Society of Delinquents
",False,33872,7097
272,"t_firmware_section
",False,268640,9232
273,"Sentry Up Before You Nops Nops
",False,203369,715
274,"born2scan
",False,757905,2672
275,"TWY
",True,358805,3791
276,"Contagion
",False,608514,8708
277,"PwnFlag
",True,301161,8362
278,"Killer Queen
",True,252141,5092
279,"MorningLightMountain
",True,416092,6782
280,"ONO
",True,566190,8113
281,"NOPROPlem
",True,820074,3186
282,"MELTDOWN
",False,331095,2398
283,"LuftensHjaltar
",False,317183,3961
284,"1gy
",True,100206,1686
285,"sln.1550
",True,783702,6665
286,"ST4RT
",True,387002,6252
287,"TeamWBH
",True,374899,6128
288,"5BC
",True,365833,4177
289,"SHRECS
",True,178519,434
290,"kasiatutej
",False,847779,8263
291,"CyberTaskForce Zero
",True,243737,2590
292,"KOREAN
",False,717556,4127
293,"Skiddies
",False,999027,8968
294,"m1z0r3
",False,420748,5052
295,"emmmm
",False,447085,7852
296,"0x90r00t
",True,473874,8898
297,"0RAYS
",True,878933,8213
298,"An Equal Mix
",True,85552,690
299,"r00tstici
",True,986081,4970
300,"1eq0and1ne0
",False,303682,6180
301,"TourRadar
",False,768817,167
302,"Hermes
",False,587028,5806
303,"Hackfest.ca
",False,798286,7324
304,"Armia Prezesa
",False,750693,2422
305,"JustHacking
",False,965703,4875
306,"CSI
",True,422622,7512
307,"ffffx00000
",False,252797,7927
308,"Rogue Waves
",True,371530,8644
309,"CYB3R_T3N4CI0US
",True,444332,9480
310,"(mendung)10^6
",False,837333,6486
311,"Venom
",True,496358,7221
312,"nhl4000
",False,565968,343
313,"ri5e
",True,973943,1363
314,"stankc
",True,794952,7924
315,"STeam
",True,797857,5055
316,"HackerDom
",False,446502,8922
317,"Infinite loop
",False,476383,3037
318,"EntrePlicas
",True,324667,9291
319,"uetctf
",True,642940,5279
320,"blackpinker
",True,644579,1012
321,"cyberwehr
",False,539182,4259
322,"1t'5_n0t_fla9
",True,845132,3775
323,"Khonsu
",False,146503,9015
324,"ISwearIGoogledIt
",False,775637,5132
325,"Nupakachi
",True,983675,7525
326,"Mayas
",False,349553,9180
327,"N30Z30N
",False,122012,3997
328,"Em0t3t
",True,36420,5985
329,"The Few Chosen
",False,270858,3684
330,"MirrorOS
",False,42876,3593
331,"n00bzUnit3d
",True,28270,789
332,"twc
",True,898225,9650
333,"Pseudo Science Enjoyer
",False,415797,9659
334,"SU
",True,917893,8699
335,"Corax
",False,239291,3622
336,"pwnagaukar
",False,626799,8035
337,"Winja CTF
",True,325338,1178
338,"The Unexpendables
",False,872077,9862
339,"Team Steam Stream
",False,362803,6091
340,"0xL4ugh
",True,89053,5150
341,"your choice
",False,853859,9360
342,"base64
",True,699379,8226
343,"CreateRemoteThread
",False,193312,4991
344,"V&N
",True,864143,9598
345,"Radboud Institute of Pwning
",False,902410,9974
346,"SIGINT
",True,404356,428
347,"DaVinciCode
",False,107256,6043
348,"Hyp3rFlow
",False,853885,2793
349,"Project Sekai
",True,601635,9801
350,"blackjackets
",True,632006,852
351,"KerKerYuan
",True,461680,463
352,"polaris
",True,388378,3358
353,"\x4247Sec
",True,686365,2600
354,"Class3E
",False,770077,1275
355,"WPICSC
",False,621480,5033
356,"scimus_verum
",True,170132,8977
357,"Martial_Law_Enforcer
",False,889956,425
358,"w1ldc4t
",True,656005,4217
359,"Unicorns of Security
",True,506308,808
360,"Cybernatural
",True,104610,8242
361,"meraxes
",False,744911,3411
362,"noob-atbash
",False,219357,62
363,"Root Lee
",True,485716,18
364,"karidesler
",False,810356,4259
365,"nebula
",True,676221,5438
366,"about._.DS
",True,370108,1422
367,"A5537
",True,637851,6334
368,"P-U-G
",True,632278,3123
369,"Itemize
",True,71640,9066
370,"Th3_Order_Of_th3_pH0en1x
",False,221303,6901
371,"N0Named
",True,502344,58
372,"H4ck0liques
",False,234983,6072
373,"Kuruwa
",False,231014,709
374,"dead unsigned
",True,72593,2207
375,"Shellogg's
",True,946165,9691
376,"hsvcs
",False,500786,82
377,"shiba gang
",True,847194,6584
378,"Newbs
",False,629156,5748
379,"ShroomZ
",True,486446,2987
380,"Spotless
",True,654386,2830
381,"satgate
",False,926922,2137
382,"Zer0Tolerance
",False,491921,6205
383,"4nSicks
",False,630059,2593
384,"Securinets
",True,14370,6739
385,"H4K47L4N1M
",True,861232,9827
386,"TeamShakti
",False,472195,4360
387,"TheGoonies
",False,562925,5444
388,"FaKappa
",False,142122,3475
389,"idekJT
",False,791104,6212
390,"IITBreachers
",True,763697,393
391,"0xDoge
",False,641652,7518
392,"APT593
",True,532796,9106
393,"isss
",True,908150,4815
394,"versers
",False,878238,9879
395,"CamelRiders
",True,228816,1965
396,"VztekOverflow
",True,326625,6681
397,"CSALab_Sec
",True,247211,7174
398,"spookies
",True,615709,4083
399,"Antivirus
",True,645542,9202
400,"CodWer
",True,54996,9371
401,"Jump2Flag
",False,219887,7811
402,"Federal_Bonk_Investigations
",False,915577,8377
403,"room2042
",False,335712,1681
404,"pudd13sOv3rfl0w
",False,151201,6280
405,"control
",False,591116,2055
406,"n03tAck
",True,135249,7310
407,"wolvsec
",True,102737,3995
408,"bruh
",True,915874,7868
409,"KCSC
",False,960531,2776
410,"c0nc0r
",False,902123,7495
411,"Sieberrsec
",False,618784,2048
412,"cgroup
",True,507588,2085
413,"NUSGreyhats
",True,165904,5924
414,"ItzyBitzySpider
",True,260276,7779
415,"ret2rev
",True,244983,4405
416,"flib
",True,965276,472
417,"MonkOnMars
",True,661967,1831
418,"Area 51
",False,539225,4344
419,"etc2020
",True,815479,3174
420,"sh3llpwn
",True,693023,5866
421,"SUSlo.PAS
",True,800987,9583
422,"SFT0
",True,605025,1069
423,"kernelpoppers
",False,98647,8249
424,"TEAM0001
",True,374129,1449
425,"Ridge Racer
",True,352757,4455
426,"5upernova
",False,474003,1241
427,"Chaitin Tech
",False,109100,976
428,"CodeR00t
",False,133873,1002
429,"mugi
",True,88569,3053
430,"InSecurity
",False,575673,3010
431,"DSGS4T
",False,657687,6835
432,"Made In MIM
",False,301294,5632
433,"Bumbodosan
",False,775104,841
434,"Yamazaki
",False,751445,9685
435,"FluxF|
",False,884752,9516
436,"Team H4C
",True,809768,9079
437,"HNN4ABO
",False,79854,2
438,"backspace
",True,922693,4317
439,"/bad
",True,467178,1039
440,"0xF00DFACE
",False,766191,8107
441,"NCtfU
",False,188749,7245
442,"MantiX101
",True,60302,3063
443,"Randoms
",False,107140,2397
444,"SiBears
",True,577431,1925
445,"Red Team Lounge
",True,999377,1040
446,"My4nM4r
",True,729315,9900
447,"Silver Catalysts
",False,923009,1641
448,"cyb3rTUN
",False,865272,3563
449,"INSSec
",False,638546,6085
450,"fzhshzh
",False,866108,2143
451,"Team-0x7
",True,39665,4354
452,"JCTF
",True,980172,4908
453,"dodododo
",False,913711,5159
454,"it-sec.fail
",False,605868,1667
455,"Trend Micro
",True,556026,4273
456,"ipv6 feet under
",True,561546,7041
457,"SaturnX
",False,70147,8394
458,"DuckDuckFlag
",False,436426,7996
459,"AeroCTF_devteam
",True,689109,8926
460,"squareroots
",False,622433,7387
461,"N00b
",False,651457,4993
462,"scsc
",False,611086,2813
463,"UntamedFriesians
",False,366679,2131
464,"TheZakMan
",True,654049,8389
465,"WaletSec
",True,304492,3624
466,"Darkside
",False,486953,4878
467,"avokadi
",True,27938,7085
468,"bawolff
",False,542857,7701
469,"Xp0int
",False,877154,5091
470,"AdelaideB9
",False,853241,634
471,"{The NaN Squad}
",True,834080,2206
472,"AWP?
",True,380182,6628
473,"(l00p3r1n0;cat) > fs0c13ty
",True,186345,7953
474,"MQCybersec
",True,180891,8250
475,"VoidSec
",False,653802,8789
476,"solid-umbrella
",True,696194,5199
477,"FindustrieZ
",True,993229,8591
478,"ahengers
",True,573698,7881
479,"Sam.ninja
",False,946921,4336
480,"CTF Community
",False,276407,1758
481,"csarmy
",True,503343,3268
482,"HDFR
",False,340284,9308
483,"dtl
",True,630544,2176
484,"tyulpan
",True,760022,5257
485,"fierceBadRabbits
",True,384403,5315
486,"c00c00r00c00
",True,670561,2947
487,"ebin_l33t_h4x0rm4n5
",False,199884,757
488,"Sentry Whale
",True,155546,1657
489,"Wani Hackase
",False,311437,9899
490,"Beta_securiteam
",True,795345,5186
491,"SDSLabs
",False,302739,1059
492,"Acceleration
",True,468968,9551
493,"Robot Mafia
",False,96820,7964
494,"ruisilva
",True,609397,6915
495,"TR-BrainOverflow
",False,517833,7646
496,"WeAreScientists
",False,210042,6446
497,"THNB
",True,52771,5797
498,"Saudi
",False,448710,9470
499,"ZeroFlagsInc
",True,699122,2365
500,"CeSeNA_ULISSecurity
",False,709878,859
501,"rhackomandati
",True,999885,5992
502,"PissedEmu
",False,88976,2058
503,"0x62EEN7EA
",True,302858,5531
504,"Dashu
",True,513750,8453
505,"Isengard
",True,341876,5072
506,"pkucc
",False,23990,3659
507,"BinaryBears
",False,386081,2971
508,"mikoan
",True,31457,8248
509,"L1t
",False,326976,7533
510,"pappo
",True,808327,1012
511,"Debugmen
",False,416042,5396
512,"LES NERDS
",False,995509,8945
513,"Abyssal Cruelty
",True,478380,1233
514,"TheBadGod
",False,400756,4345
515,"DLC
",False,314155,5398
516,"PLUS
",False,819958,1800
517,"Maurus
",False,956468,4879
518,"Alakadarnya
",True,542980,7486
519,"CSUI
",True,867760,1729
520,"Cyberholics Anonymous
",False,833340,4184
521,"Jacobs
",False,248243,9791
522,"AlbSociety
",False,217598,1310
523,"TahSec
",True,482737,6063
524,"Hacky Easter
",True,776933,6397
525,"5h4d0wb10k3r
",False,174069,6699
526,"Utaha
",False,27155,7457
527,"0xpwn
",True,770639,7120
528,"Shingeki no Chikungunya
",False,325036,8057
529,"Square
",True,903125,2713
530,"flag{}___Orz
",True,870397,7633
531,"Gratin
",True,520101,5652
532,"PwnThyBytes
",True,814668,6834
533,"CLSec
",True,393875,9628
534,"pastabase64
",True,9115,8308
535,"poigiatre
",False,107004,1483
536,"BackMoon
",False,411074,5577
537,"idleless
",True,268041,7856
538,"night_is_dark_and_full_of_errors
",True,369809,6939
539,"icypete
",True,442300,5104
540,"Jiwawa
",True,723000,8902
541,"xof5566
",True,729149,8291
542,"Daemon Summoners
",True,653357,4686
543,"cold_root
",False,266263,1110
544,"BeatRoot
",False,351721,569
545,"BYU Cyberia
",True,235933,1763
546,"ccit21zena
",False,130901,8007
547,"Jolly Roger Insecurity
",True,657236,4030
548,"VTeam
",True,584562,6609
549,"C0nt1n3nt4l
",True,110515,5842
550,"Bortecine Sec
",False,929200,1861
551,"Team Matrix Elite Hackers
",False,8773,2737
552,"l33t1m
",False,912575,3470
553,"SiliconBits
",False,647703,6192
554,"Contrail
",False,107455,2842
555,"deadastronauts
",False,122842,7793
556,"Oshawk
",True,519218,8177
557,"K!nd4SUS
",True,245838,4350
558,"NaN
",False,550348,8617
559,"Les Pires Hat
",True,71830,9981
560,"beerpwn
",False,257429,2406
561,"SupremeOwls
",False,773258,2712
562,"ATMteam
",True,423907,2702
563,"fjellape
",True,140888,5213
564,"Bad Guesser
",False,489566,5077
565,"R4013
",False,139800,5983
566,"nep
",True,988044,4468
567,"Platypwnies
",False,451357,9351
568,"SCIST
",True,837211,4303
569,"SavedByTheShell
",True,691495,937
570,"h_noson
",True,68017,4544
571,"PWNcit CANton
",False,397444,5408
572,"bestbestbest
",False,483479,2700
573,"Keen Minds
",False,535198,4751
574,"Sevenup
",False,354485,4724
575,"Jutlandia
",True,843729,551
576,"SudoWoodoDoasWoodo
",True,290271,6635
577,"K0TN
",False,174995,6559
578,"NONUlisse
",True,166295,6888
579,"\/(54
",True,956236,9130
580,"0x8Layer
",True,717786,7979
581,"SugarCats
",True,40023,3599
582,"lab4
",True,182916,9267
583,"TeamKrabath
",False,444379,280
584,"The Additional Payphones
",False,361183,8348
585,"Hacklabor
",False,31156,6202
586,"S.S.L
",True,515422,3385
587,"PTZCTF
",True,306163,5033
588,"TeamAardvark
",True,88813,2757
589,"n0internsh1p
",True,478976,8944
590,"s0ciety
",False,331642,9897
591,"2Fast4U
",True,354548,655
592,"vh++
",False,646103,7154
593,"Fir3Fl13s
",True,294078,4454
594,"OctaC0re
",False,541844,2660
595,"root
",False,88213,7021
596,"havce
",False,403200,892
597,"18XX
",True,19683,2159
598,"magi
",True,40748,6384
599,"posix
",True,802446,8224
600,"Ret2Cringe
",False,235657,441
601,"[team Team]
",True,384655,4764
602,"NAZCA
",True,339163,6672
603,"Armitage
",True,127516,9513
604,"Busi
",False,447694,7087
605,"crypt0nite
",False,690447,2140
606,"Heaven's_Birds
",True,422661,510
607,"Lost Boys
",False,31961,2977
608,"SHA-5010
",False,860024,4276
609,"UTDLonghornGaming
",True,400852,6819
610,"s3cr3t
",True,52627,7676
611,"NicDumZ
",True,491813,7323
612,"she
",True,412342,7163
613,"M30W
",False,121046,3124
614,"jt00
",True,558297,7368
615,"Lilac
",False,679253,9671
616,"koreanbadass
",False,34160,3756
617,"NETON
",True,545537,7874
618,"xrzhev
",False,644258,4341
619,"tjcsc
",False,976326,5897
620,"PukPuk
",True,501920,1979
621,"or4nge
",True,482522,1438
622,"Testausserveri
",True,138545,7188
623,"Alchemists of Kernel
",False,308186,1893
624,"Tea MSG
",True,712013,1489
625,"frickari
",True,658454,9038
626,"ANWP
",True,620346,2474
627,"s4sut
",True,782533,7972
628,"R0073R5
",True,125163,6154
629,"Where'sTheFlag
",False,770589,3557
630,"MATE
",False,344915,4534
631,"Hafofu
",False,824650,5942
632,"empty_
",True,614853,6944
633,"Cyber0ids
",True,116945,3712
634,"Terminal Cats
",True,981857,2615
635,"StrixGoldhorn
",True,730734,2526
636,"Applicative
",True,696924,6693
637,"AFiniteNumberOfMonkeys
",False,509325,8759
638,"SKR
",True,427032,2646
639,"team name
",False,140011,6521
640,"csictf
",True,735684,660
641,"VietCongSoldiers
",True,989000,4847
642,"etherknot
",True,558879,4969
643,"ids-TeamCC
",False,337561,1183
644,"SharedSec
",True,195977,1045
645,"PortSwingers
",False,760087,5264
646,"omggstuff
",False,999013,5
647,"thethetheduck
",True,929553,3776
648,"3 Prongs And a Computer
",False,678176,6814
649,"Hackermans FriendZ
",False,291474,4896
650,"n00bz
",True,965387,6991
651,"y0d31
",False,752590,9322
652,"$wag
",False,177218,2660
653,"Mittwoch
",False,194726,6992
654,"AlcoholForce
",True,130876,8112
655,"Poland Can Into Space
",False,256304,749
656,"by7ch
",True,449116,100
657,"Space Security Challenge Team
",True,127604,5880
658,"TetCTF
",False,695842,1518
659,"Flair Sistaime
",False,205879,8555
660,"Les Renseignements Ultra
",False,791944,1962
661,"ICHSA
",False,899766,8241
662,"Djavaa
",False,973506,6980
663,"TAMUctf
",True,32687,219
664,"Fl4g Sm4sher
",False,820824,797
665,"NorzhCTF
",False,130591,6828
666,"SPhackUsi
",True,18731,1062
667,"LSE
",False,421808,9096
668,"Pwn Intended
",False,303147,3983
669,"Bluecat
",False,76246,8194
670,"MAGER
",False,551083,7831
671,"pwnstars
",True,451183,7627
672,"Cli3nt
",True,315891,1280
673,"Samsung Research Security Team
",False,396119,4890
674,"HSN CS Club
",False,902275,7908
675,"Kali Billi
",True,931534,2246
676,"Digital Overdose (Admins)
",True,440421,3540
677,"DownUnderCTF
",False,655702,2764
678,"dm0
",False,436394,5052
679,"Stringsme
",True,778390,7014
680,"BCACTF
",False,361950,6
681,"TheCyberNinja
",True,406842,7721
682,"Xormatic
",True,189157,3935
683,"AI Generated
",True,181469,7575
684,"DC8044
",False,862347,8052
685,"SummerJedi
",False,261515,6628
686,"HeroCTF
",False,34368,8346
687,"Cumbancha
",False,171869,8216
688,"fmkw
",True,744887,2000
689,"nyolo
",True,67679,3831
690,"Unwanted_MSware
",True,150045,7377
691,"QSFH
",False,823781,7942
692,"Curious Tourists
",False,465074,1060
693,"MetaCTF
",True,991994,1890
694,"CyberThreatForce-CTF
",True,973150,4091
695,"TeamBrotherhood
",False,934986,1814
696,"PauMd
",True,87678,4331
697,"pony7
",True,551566,2954
698,"NorthSec Organizers
",True,789967,9160
699,"cheriPI
",True,61650,9706
700,"CyberSpace3
",True,341603,3256
701,"cpls
",True,21339,9188
702,"UnchiK0ng
",False,950949,8010
703,"Rapid7
",False,597067,6100
704,"BSidesSF
",True,101837,6129
705,"average ctf enjoyers
",False,158154,7201
706,"N00bsCTF
",True,768637,267
707,"s0lid4rity
",False,364356,9855
708,"Timmy
",True,732729,9581
709,"ArenaQuakerCTF
",False,573317,8394
710,"b3c
",False,656449,3106
711,"LIT CTF
",False,231017,3226
712,"SUS
",True,526145,5398
713,"DropSoft
",True,77508,3416
714,"OpenToAll
",True,975057,7136
715,"Applied Cybersecurity Society
",True,184544,2004
716,"LINE CTF
",False,853768,2566
717,"CodeRed
",True,520087,9575
718,"Cut3 Guys
",True,241951,1864
719,"CyberDefenders
",True,715394,6135
720,"senyumsemangat
",False,458865,613
721,"Sadge
",False,455113,3964
722,"NoPwn4OldMen
",True,493910,2049
723,"B34nB01z
",True,76287,4456
724,"R3MAN3
",False,23200,987
725,"bitb4ng
",True,141678,9739
726,"9SEC
",True,170426,7220
727,"0xPolpettOwn
",True,292542,3489
728,"RACTF Organisers
",False,825870,6707
729,"Psuedo Sudo
",False,504604,5180
730,"SQLazo
",False,406722,36
731,"Haboob_Force
",True,760024,1914
732,"(o^_^o)
",True,675977,8201
733,"0x01DA
",True,292108,6367
734,"K.Knock
",True,155767,3016
735,"FarEastCTF
",True,700268,9393
736,"Learners_
",False,930518,2007
737,"urandom
",False,303318,8402
738,"dehunters
",False,493478,9031
739,"Tinfoil Hats
",True,431895,3930
740,"malmoeware
",True,839436,4304
741,"UMBC Cyber Dawgs
",False,727205,5314
742,"wackers
",False,343412,6742
743,"Kap0K
",False,863960,4514
744,"0x435446
",True,913744,1171
745,"SSAT
",True,308488,421
746,"tunasianLam3rs
",True,617863,1450
747,"dczia
",True,849242,8656
748,"secret_squirrels
",True,215877,9314
749,"Knight Squad
",True,745777,834
750,"sh -a ./chiku
",False,217351,7845
751,"snocc
",True,881373,1698
752,"OverDover
",False,147489,9930
753,"SDD
",False,812808,147
754,"Haar
",False,303529,6479
755,"CSSA
",False,799260,3802
756,"7sukuy0mi
",False,993419,3503
757,"TamanduaFlag
",True,937822,8190
758,"33e3393c59bed4a77cb2d2ec2cd80e13
",True,6066,9404
759,"k
",False,374411,7962
760,"MOCTF
",True,758220,9
761,"PooksandKaks
",True,73429,324
762,"paulie
",False,323389,777
763,"Little Twoos
",False,973402,6463
764,"CybSec
",False,748526,4374
765,"ZenHack
",False,238656,6115
766,"Conspiracy club
",True,626073,6826
767,"D^3CTF Organizers
",False,77079,6321
768,"a1eaiactaest
",True,845831,7832
769,"Forkbenders
",True,941911,9668
770,"H25
",True,256634,2846
771,"obelus
",False,985116,6162
772,"TenableCTF
",False,297475,5479
773,"x6C6F747573
",True,565680,5413
774,"/bin/tw
",True,256126,1252
775,"LetzPwn
",False,532800,9139
776,"2507
",True,779192,2248
777,"METUNCC
",False,191581,3641
778,"HackInProvence
",True,224534,1263
779,"GanSw
",True,353951,3482
780,"POV i primi CTF
",True,758923,6398
781,"greenhorn
",False,982225,7013
782,"NakedSnowboarders
",False,828557,7006
783,"NavETS
",True,953811,7575
784,"TNCyberSec
",True,128384,6798
785,"Raise the Flag
",False,217849,676
786,"Medus'Hack
",False,146424,55
787,"perfect guesser
",True,743396,9502
788,"Seadyot
",True,859251,7877
789,"H4rsh1t
",True,499826,4217
790,"Pwnst4r5
",False,418786,3939
791,"revbuster
",True,558703,9697
792,"SSD Secure Disclosure
",False,556470,553
793,"F03v3ryY0ung
",True,680321,3170
794,"DoomHack
",True,115854,7514
795,"nullcasa
",True,285037,1618
796,"TwentyFive
",False,644885,9954
797,"Ov3rH4ck
",True,46580,6058
798,"asdasd123
",False,126995,8508
799,"BSidesTLV
",True,893012,7722
800,"[SPbCTF] eltech banana
",True,163524,3885
801,"5unKn0wn
",True,730829,507
802,"Neutrino_Cannon
",True,764887,4669
803,"osm_rabbit
",True,15507,5106
804,"centauri
",True,483848,1079
805,"Andrew Bae
",True,229604,4323
806,"CyberCellVIIT
",True,974520,5456
807,"AmTrain
",False,833479,6995
808,"ByteForc3
",True,139679,4704
809,"4TheCronPop
",True,218219,4905
810,"yeeb0iz
",False,161150,1653
811,"t3n4ci0us
",False,645341,9432
812,"Kuality
",False,920443,3402
813,"willwam845
",False,675321,3656
814,"Shell_hunters
",False,716967,3745
815,"xisop
",False,941529,1534
816,"NTUC513Bo8
",True,818580,5946
817,"l0neW0lf
",False,551064,8453
818,"RhinehartsOysterBar
",True,538886,7626
819,"dumdum
",False,435284,2101
820,"Hacktimel
",False,181447,6823
821,"Les_Enfants_terribles
",False,563071,108
822,"TeamSECURIY
",True,496960,4380
823,"nico
",True,191173,8653
824,"PwningOfficers
",True,854714,3954
825,"0x01d5
",True,892337,2768
826,"N00b3r
",False,511667,8844
827,"Callipygian Consortium of Cryptography
",False,115942,7206
828,"Cyber Hacktics
",False,748369,8013
829,"HighPull
",True,172571,6968
830,"Manzara's Magpies
",True,127594,3960
831,"Jongko_JoyoBoyo
",True,161625,9962
832,"ivani
",True,807837,977
833,"More Bush Smoked Whackers
",False,999552,1596
834,"byc_404
",False,411926,5763
835,"TechSec
",True,729058,6873
836,"TMKOC
",False,135835,9423
837,"HugsForBugs
",True,746727,7813
838,"Secret
",True,18533,9206
839,"null2root
",False,607324,4365
840,"DCC
",False,101135,1995
841,"1337 KH
",False,114713,1651
842,"zzz
",True,401825,9614
843,"TryAgainDz
",True,303297,5795
844,"Terminox
",True,328737,8193
845,"PARSECT
",True,811588,8633
846,"M4lw4r3
",True,206400,8773
847,"katagaitai
",True,390235,1509
848,"Z3R0
",False,202481,3975
849,"Online Kingdom team
",False,938765,6183
850,"noTeamName
",True,203049,2696
851,"Bornunique911
",False,116242,9035
852,"CryptoHackers
",True,909037,5912
853,"Security Research Summit (SRS)
",True,167243,9597
854,"buttowski
",False,940933,7711
855,"Alpha Sunrise
",True,132835,1546
856,"NPI
",True,857927,3292
857,"Nandy Narwhals
",True,611140,2851
858,"PASECA
",False,127594,8764
859,"dm0n
",False,960858,8261
860,"UIT.W3
",False,303940,4728
861,"L Distribution
",False,690022,826
862,"Hackin'TN
",False,722320,8175
863,"Y-CTF
",True,986146,7250
864,"Dent
",False,745179,5618
865,"free_funky_frogs
",False,891626,3959
866,"SHAbit
",False,288504,6495
867,"m17m0
",True,899313,5600
868,"GDSCVIT
",True,404083,5956
869,"CTF{Runn3rs}
",True,17800,1803
870,"TU/e CTF
",False,852654,5780
871,"InnotecLabs
",True,750852,49
872,"0d12245589
",True,464636,1214
873,"Unicorn CTF
",True,640621,7272
874,"Xclow3n
",False,442223,2932
875,"1Hp
",False,793549,5634
876,"ExpressVPN
",True,981283,6388
877,"one-shot
",False,41196,504
878,"TWICE
",False,500690,6280
879,"PIS
",True,81834,87
880,"Ten*48
",True,191556,8316
881,"Foxy
",False,399800,7743
882,"T35H
",False,707650,2024
883,"Gliderous Tigers
",True,393083,1515
884,"COMPASS
",True,522512,6820
885,"CCUG
",True,627456,5368
886,"pobateam
",True,420113,5844
887,"217
",False,919965,6490
888,"purple_ctf
",True,446487,5830
889,"TBTL
",True,365107,9477
890,"Shikataganai
",True,684301,3243
891,"./flag
",False,68214,6312
892,"Akali_QAZ
",True,940505,21
893,"/(spin)*s/
",False,224501,6940
894,"RammingStone
",True,195395,8639
895,"Catastrophe
",False,845406,7523
896,"SharLike
",True,776309,3726
897,"hackbuster
",True,422748,8699
898,"cew
",True,62047,285
899,"DeepThonts
",True,290600,7899
900,"Lions
",True,507935,858
901,"SadPlace1337
",False,722479,4714
902,"wizard_of_skn
",False,456437,5860
903,"bad_cat
",True,520640,8169
904,"taurus
",True,246209,4294
905,"0b1ivi0n
",False,62517,2823
906,"Pwntera
",True,755871,5223
907,"Phobos
",False,671561,8302
908,"ID-IoT
",False,171652,2646
909,"n0ti0n
",True,690528,6193
910,"MAFIAsec
",False,65113,12
911,"g04ldigg3rs
",True,146797,9375
912,"WebSpiders
",True,207759,899
913,"DeepWater
",False,588008,9439
914,"takoyaki
",False,517059,5144
915,"Cybertrace
",False,822294,9514
916,"onealmond
",False,602563,5835
917,"Caraba
",True,953232,9532
918,"Bleubytes
",False,98552,8722
919,"Porg Pwn Platoon
",True,695156,1498
920,"lsof -i:80
",True,422698,2568
921,"RISC
",True,391209,3954
922,"badsctr
",True,204974,8286
923,"Caido
",True,299943,6367
924,"HowsWeather
",True,783080,167
925,"Here4beer
",False,857299,8095
926,"tu0darmstadt0ctf
",True,811467,7501
927,"MultasaekkiCrew
",True,484210,7451
928,"Hackiit
",True,16994,4968
929,"[SPbCTF] eltech
",False,617814,8027
930,"Neptunians
",False,572549,6448
931,"PolyHx
",True,118094,7653
932,"No_Pwn_Intended
",True,761195,6364
933,"0x33c
",False,69162,6283
934,"2n+1
",False,822041,2487
935,"Delta
",False,370101,9328
936,"whoami
",True,599344,2566
937,"ntdll
",False,829492,6221
938,"DeteAct
",True,836584,1557
939,"Neme$is
",False,214826,9002
940,"Slow Coders
",False,613448,4397
941,"negativ
",False,143000,1497
942,"Pwning Officers
",True,288441,8239
943,"taidh
",True,499915,9028
944,"exzettabyte
",False,208739,961
945,"Watch4Hack
",False,36496,202
946,"unblvr
",True,61231,6209
947,"Volcano
",False,229627,532
948,"CFH4CK
",False,471508,1990
949,"Hacklava
",False,540502,3457
950,"rusha
",True,630167,5095
951,"HATS Singapore
",False,150548,6181
952,"Freddie
",True,92809,6515
953,"A.R.E.S.
",True,648631,4599
954,"xhls
",False,454677,7705
955,"Ug0tpwnd
",True,112770,1241
956,"_HBM
",True,746314,9428
957,"FireFall
",False,249147,3119
958,"unremarkable
",True,373430,3288
959,"SubUrban
",False,82505,8983
960,"CSFNinjas
",True,549900,7653
961,"4ak4ak
",False,216180,2537
962,"b1rds_of_pr3y
",True,335004,3686
963,"OSSEM
",False,672504,2539
964,"BandOfBinaries
",True,140670,7409
965,"curveball
",True,921454,1595
966,"cr4ck/y0ur/s3cr3t
",False,261142,913
967,"DestructiveDegroids
",True,863307,4003
968,"ByteBandits
",False,19964,9612
969,"Saint Technics
",True,245430,4933
970,"Unit41
",True,956837,6611
971,"LinyTail
",False,938405,3742
972,"DAMNCON
",False,462752,4861
973,"team_7even
",False,508097,7979
974,"Karatus
",True,775313,921
975,"mcmayhem
",False,802806,5640
976,"Bits For Everyone
",True,500101,9723
977,"CNSS
",False,954202,9511
978,"TTT-team
",True,149902,8353
979,"Mr_Lucifer
",False,643150,797
980,"leonuz
",True,636159,5008
981,"!Ceasy
",True,578263,5253
982,"m4n3
",True,263695,4135
983,"LamDyoMong
",False,829793,1685
984,"Cyber-1
",False,11505,7197
985,"hamayanhamayan
",False,253004,4949
986,"hydroelectricities
",True,381377,9468
987,"Imperi
",True,552531,6421
988,"Baby Seal Club
",True,82148,5586
989,"Royal Military Hackademy
",True,870238,934
990,"YabbaDoo
",False,781313,4323
991,"hackalamiamiam
",True,298300,4486
992,"Debily
",False,635499,6642
993,"The Imperium
",True,283087,1248
994,"SundayParan0ids
",True,579179,4614
995,"UniVPN
",True,940953,5916
996,"Team Sunshine
",False,909905,784
997,"APTduoquadra
",False,195863,2912
998,"open0x20
",False,271567,2108
999,"PF2
",True,15017,9516
